{
    "labels": {
        "x": [
            18,
            19,
            20,
            21,
            22,
            23,
            24,
            25,
            26,
            27,
            28,
            29,
            30,
            31,
            32,
            33,
            34,
            35,
            36,
            37,
            38,
            39,
            40,
            41,
            42,
            43,
            44,
            45,
            46,
            47,
            48,
            49,
            50,
            51,
            52,
            53,
            54,
            55,
            56,
            57,
            58,
            59
        ],
        "y": [
            0,
            1,
            2,
            3,
            4,
            5,
            6,
            7,
            8,
            9,
            10,
            11,
            12,
            13,
            14,
            15,
            16,
            17
        ]
    },
    "range": {
        "x": {
            "min": 18,
            "max": 59
        },
        "y": {
            "min": 0,
            "max": 17
        }
    },
    "data": [
        {
            "nome": "homem",
            "dataPoints": [
                [
                    18,
                    11.833333333333334
                ],
                [
                    19,
                    14.75
                ],
                [
                    20,
                    14.506578947368421
                ],
                [
                    21,
                    14.263157894736842
                ],
                [
                    22,
                    14.019736842105264
                ],
                [
                    23,
                    13.776315789473685
                ],
                [
                    24,
                    13.532894736842106
                ],
                [
                    25,
                    13.289473684210526
                ],
                [
                    26,
                    13.046052631578947
                ],
                [
                    27,
                    12.802631578947368
                ],
                [
                    28,
                    12.55921052631579
                ],
                [
                    29,
                    12.31578947368421
                ],
                [
                    30,
                    12.072368421052632
                ],
                [
                    31,
                    11.828947368421053
                ],
                [
                    32,
                    11.585526315789473
                ],
                [
                    33,
                    11.342105263157894
                ],
                [
                    34,
                    11.098684210526315
                ],
                [
                    35,
                    10.855263157894736
                ],
                [
                    36,
                    10.611842105263158
                ],
                [
                    37,
                    10.368421052631579
                ],
                [
                    38,
                    10.125
                ],
                [
                    39,
                    9.881578947368421
                ],
                [
                    40,
                    9.638157894736842
                ],
                [
                    41,
                    9.394736842105264
                ],
                [
                    42,
                    9.151315789473685
                ],
                [
                    43,
                    8.907894736842106
                ],
                [
                    44,
                    8.664473684210527
                ],
                [
                    45,
                    8.421052631578947
                ],
                [
                    46,
                    8.177631578947368
                ],
                [
                    47,
                    7.934210526315789
                ],
                [
                    48,
                    7.690789473684211
                ],
                [
                    49,
                    7.447368421052631
                ],
                [
                    50,
                    7.203947368421052
                ],
                [
                    51,
                    6.9605263157894735
                ],
                [
                    52,
                    6.717105263157894
                ],
                [
                    53,
                    6.473684210526315
                ],
                [
                    54,
                    6.230263157894736
                ],
                [
                    55,
                    5.9868421052631575
                ],
                [
                    56,
                    5.743421052631579
                ],
                [
                    57,
                    5.5
                ],
                [
                    58,
                    0
                ],
                [
                    59,
                    0
                ]
            ]
        },
        {
            "nome": "mulher",